year,month,day,weekday,sub_city,woreda,fire_type,cause_type,property_damage,water_used,personnel,distance_km,response_minutes,severity
2016,1,11,0,ኮ/ቃራኒዮ,9,የመኪና ቃጠሎ,አይታወቅም,50000.0,300.0,9.0,6.0,5.0,Low
2016,2,11,3,ጉለሌ,8,የሻይ ቤት ቃጠሎ,አይታወቅም,50000.0,11000.0,21.0,4.0,4.0,Low
2016,3,11,4,ለሚ ኩራ ,2,የሱቅ ቃጠሎ,ኤ/ኮንታክት,400000.0,12000.0,16.0,8.0,9.0,Medium
2016,6,11,5,ቦሌ,3,የመኪና ቃጠሎ,አይታወቅም,250000.0,4000.0,9.0,5.0,6.0,Medium
2016,7,11,0,ቦሌ,13,የመኖሪያ ቤት ቃጠሎ,አይታወቅም,600000.0,24000.0,27.0,6.0,7.0,Medium
2016,10,11,1,ኮ/ቃራኒዮ,5,የቤት ቃጠሎ,አይታወቅም,50000.0,3000.0,6.0,6.0,7.0,Low
2016,10,11,1,ቦሌ,4,የቤት ቃጠሎ,አይታወቅም,230000.0,3000.0,9.0,2.0,3.0,Medium
2016,11,13,6,ኮ/ቃራኒዮ,4,የመኪና ቃጠሎ,አይታወቅም,2000000.0,6000.0,15.0,2.0,5.0,High
2016,11,15,1,ኦሮሚያ,ፉሪ,የመኪና ቃጠሎ,አይታወቅም,2500000.0,3000.0,15.0,20.0,22.0,High
2016,11,17,3,ኮልፌ,1,የንግድ ሱቆችና መኖሪያ ቤት ቃጠሎ,አይታወቅም,11000000.0,32000.0,38.0,10.0,12.0,High
2016,11,17,3,አራዳ,4,የቤት ቃጠሎ,አይታወቅም,800000.0,18000.0,24.0,3.0,4.0,Medium
2016,11,18,4,ሸገር ሲቲ,መልካናኖ,የሱቅ ቃጠሎ,አይታወቅም,2000000.0,19000.0,22.0,3.0,6.0,High
2016,11,18,4,ቂርቆስ,4,የቤት ቃጠሎ,አይታወቅም,30000.0,15000.0,21.0,1.0,1.0,Low
2016,11,19,5,ለሚኩራ,11,የቁርስ ቤት ቃጠሎ,አይታወቅም,750000.0,4000.0,9.0,7.0,8.0,Medium
2016,11,19,5,ኮልፌ,2,የቤት ቃጠሎ, ኤ/ኮንታክት,2000000.0,6000.0,15.0,13.0,15.0,High
2016,11,22,1,ቂርቆስ,9,የቤትና ፔንስዮን ቃጠሎ,አይታወቅም,400000.0,18000.0,23.0,7.0,8.0,Medium
2016,11,22,1,ን/ስ/ላ,10,የጥጥ ቃጠሎ,የብየዳ ፍንጣሪ,3015000.0,80000.0,45.0,2.0,2.0,High
2016,11,25,4,ቦሌ,12,የሱቅ ቃጠሎ,አይታወቅም,5000000.0,12000.0,15.0,5.0,6.0,High
2016,11,25,4,ኮልፌ,4,የቤት ቃጠሎ, ኤ/ኮንታክት,5000.0,100.0,9.0,6.0,5.0,Low
2016,11,27,6,ቦሌ,12,የቤት ቃጠሎ,አይታወቅም,70000.0,6000.0,9.0,3.0,4.0,Low
2016,11,29,1,ቂርቆስ,9,ሬስቶራንት ቃጠሎ, ኤ/ኮንታክት,2000000.0,850.0,9.0,6.0,7.0,High
2016,1,12,1,አ/ከ,8,የቤት ቃጠሎ,አይታወቅም,500000.0,20000.0,21.0,2.0,2.0,Medium
2016,4,12,1,ልደታ,9,የፖል ቃጠሎ,አይታወቅም,0.0,500.0,6.0,1.0,1.0,Low
2016,5,12,3,አቃቂ,8,የመኪና ቃጠሎ,አይታወቅም,1500000.0,4000.0,9.0,2.0,3.0,High
2016,6,12,6,አ/ከተማ,7,የቤት ቃጠሎ,አይታወቅም,50000.0,14500.0,16.0,2.0,2.0,Low
2016,8,12,4,ኮልፌ,4,የፖል ቃጠሎ,አይታወቅም,3000000.0,300.0,9.0,3.0,3.0,High
2016,12,12,0,ኮልፌ,3,የፖል ቃጠሎ,አይታወቅም,0.0,1000.0,6.0,3.0,4.0,Low
2016,12,15,3,ጉለሌ,7,የግሮሰሪ ቃጠሎ,አይታወቅም,25000.0,12000.0,17.0,4.0,5.0,Low
2016,12,16,4,ኮልፌ,4,የቤት ቃጠሎ, ኤ/ኮንታክት,40000.0,18000.0,23.0,2.0,2.0,Low
2016,12,17,5,ኮልፌ,4,የሱቅ ቃጠሎ,የኤ/ኮንታክት,200000.0,2000.0,9.0,2.0,1.0,Medium
2016,12,20,1,ኦሮሚያ ,ገላን ,ትራንስፎርመር ቃጠሎ,አይታወቅም,800000.0,6000.0,6.0,3.0,16.0,High
2016,12,21,2,አ/ከተማ,1,የቤት ቃጠሎ,አይታወቅም,140000.0,2000.0,9.0,16.0,15.0,Medium
2016,11,23,2,ለሚኩራ,10,የሱቅ ቃጠሎ,አይታወቅም,40000.0,6000.0,9.0,5.0,5.0,Low
2016,12,23,4,ን/ስልክ,9,የሱቅ ቃጠሎ,አይታወቅም,300000.0,18000.0,21.0,2.0,2.0,Medium
2016,12,24,5,አቃቂ,1,የፖል ቃጠሎ,የኤ/ኮንታክት,23000.0,3000.0,8.0,6.0,8.0,Low
2016,12,25,6,ለሚኩራ,2,የፖል ቃጠሎ,የኤ/ኮንታክት,5000.0,1000.0,5.0,1.0,2.0,Low
2016,12,26,0,የካ,4,የቤት ቃጠሎ,አይታወቅም,90000.0,4000.0,9.0,3.0,4.0,Low
2016,12,27,1,ሸገር ሲቲ,ኮዬ ፈቼ,የትራንስፎርመር ቃጠሎ,አይታወቅም,10000.0,500.0,9.0,13.0,14.0,Low
2016,12,27,1,ልደታ,10,መጋዘን ቃጠሎ,አይታወቅም,20000.0,6000.0,9.0,3.0,3.0,Low
2016,12,28,2,አቃቂ,7,የኔትወርክ ቦክስ ቃጠሎ,አይታወቅም,100000.0,3000.0,9.0,3.0,4.0,Medium
2016,1,13,2,ሰበታ,ጨስለቃ,የሆቴል ቃጠሎ,አይታወቅም,4000000.0,9000.0,15.0,36.0,47.0,High
2016,2,13,5,ኮልፌ,7,የቤት ቃጠሎ,ኤ/ኮንታክት ,5000.0,200.0,6.0,2.0,2.0,Low
2016,4,13,2,አቃቂ,8,የእቃ ማስቀመጫ ኮንቴነር ቃጠሎ,አይታወቅም,2000000.0,24000.0,29.0,2.0,2.0,High
2017,2,1,2,ኮልፌ,6,የፖል ቃጠሎ,አይታወቅም,20000.0,3000.0,6.0,5.0,10.0,Low
2017,5,1,0,ለሚኩራ,5,መኖሪያ ቤት  (የካህናት),አይታወቅም,300000.0,9000.0,15.0,5.0,8.0,Medium
2017,6,1,3,ልደታ,7,የቤት ቃጠሎ,አይታወቅም,1000000.0,12000.0,15.0,2.0,3.0,High
2017,9,1,4,ኮልፌ,7,የቤት ቃጠሎ,አይታወቅም,500000.0,9000.0,23.0,1.0,1.0,Medium
2017,10,1,6,የካ,12,የቤት ቃጠሎ,አይታወቅም,500000.0,12000.0,21.0,8.0,9.0,Medium
2017,12,1,4,ቦሌ,4,የቤት ቃጠሎ,የኤ/ኮንታክት,50000.0,1000.0,9.0,1.0,2.0,Low
2016,1,19,1,ኦሮ,ገ/ከተማ,የፋብሪካ ቃጠሎ,አይታወቅም,10000000.0,223000.0,54.0,18.0,17.0,High
2017,1,24,1,አ/ከተማ ,10,የትራንስፎርመር ቃጠሎ,አይታወቅም,10000.0,1000.0,9.0,2.0,2.0,Low
2017,1,24,1,ጉለሌ,9,የቤት ቃጠሎ,አይታወቅም,5000.0,6000.0,9.0,4.0,4.0,Low
2017,1,26,3,ልደታ,5,የቤት ቃጠሎ,አይታወቅም,5000000.0,3000.0,9.0,3.0,5.0,High
2017,1,28,5,ኮልፌ,8,የሱቅ ቃጠሎ,አይታወቅም,300000.0,6000.0,6.0,4.0,5.0,Medium
2017,1,30,0,አራዳ,5,የቤት ቃጠሎ,ከከሰል የተነሳ,40000.0,4000.0,9.0,0.5,1.0,Low
2017,1,2,0,ኦሮሚያ,ኖኖ,የሆቴል ቃጠሎ,አይታወቅም,1000000.0,18000.0,25.0,6.0,8.0,High
2017,5,2,1,ኮልፌ,3,የቤት ቃጠሎ,አይታወቅም,100000.0,1000.0,6.0,6.0,5.0,Medium
2017,5,2,1,አ/ቃሊቲ,5,የቤት ቃጠሎ,አይታወቅም,120000.0,6000.0,9.0,3.0,7.0,Medium
2016,7,2,5,ቂርቆስ,10,የፖል ቃጠሎ,አይታወቅም,20000.0,3000.0,9.0,4.0,3.0,Low
2017,7,2,6,አ/ከተማ ,6,የቤት ቃጠሎ,አይታወቅም,450000.0,28000.0,27.0,3.0,4.0,Medium
2017,8,2,2,የካ,8,የቤት ቃጠሎ,አይታወቅም,500000.0,7000.0,15.0,6.0,7.0,Medium
2017,9,2,5,ለሚኩራ,3,የመጋዘን ቃጠሎ,አይታወቅም,100000.0,15000.0,18.0,11.0,12.0,Medium
2012,9,2,6,አ/ከተማ ,12,የቤት ቃጠሎ,ኤ/ኮንታክት,80000.0,6000.0,9.0,7.0,10.0,Low
2017,9,2,5,ኦሮሚያ,ሸ/ሲቲ,የፋብሪካ ቃጠሎ,ኤ/ኮንታክት,100000000.0,54000.0,30.0,22.0,39.0,High
2017,10,2,0,ጨርቆስ,8,የቢሮ ቃጠሎ,አይታወቅም,200000.0,12000.0,15.0,6.0,6.0,Medium
2017,11,2,3,አ/ከተማ ,1,የንግድ ሱቆች ቃጠሎ,አይታወቅም,0.0,2236680.0,267.0,4.0,3.0,Low
2017,2,14,1,አ/ከተማ ,6,የቤት ቃጠሎ,አይታወቅም,200000.0,21000.0,24.0,2.0,2.0,Medium
2017,2,14,1,ልደታ,7,የቤት ቃጠሎ,አይታወቅም,2000000.0,104000.0,65.0,1.0,2.0,High
2017,2,17,4,ኮልፌ,3,የቤት ቃጠሎ,ኤ/ኮንታክት,100000.0,31000.0,27.0,10.0,5.0,Medium
2017,2,21,1,ኦሮሚያ,መልካ ኖኖ,የመኖሪያ ቤት ቃጠሎ (የተፈናቃዮች),አይታወቅም,1500000.0,22000.0,24.0,7.0,8.0,High
2017,2,21,1,አ/ከተማ,8,የመኪና ቃጠሎ,አይታወቅም,100000.0,200.0,9.0,2.0,2.0,Medium
2017,2,22,2,ቦሌ,12,የሸራ ቤት ቃጠሎ,አይታወቅም,5000000.0,206000.0,92.0,6.0,5.0,High
2017,2,24,4,አ/ከተማ,13,የወፍጮ ቤት ቃጠሎ,አይታወቅም,20000.0,6000.0,9.0,2.0,5.0,Low
2017,2,25,5,አ/ከተማ,6,የንግድ ቤት ቃጠሎ,አይታወቅም,115000.0,46000.0,47.0,4.0,4.0,Medium
2017,1,26,3,ኦሮሚያ,3,የሱቆች ቃጠሎ,አይታወቅም,1500000.0,24000.0,23.0,11.0,15.0,High
2017,2,27,0,አቃቂ,13,የህንፃ መሳሪያ ቃጠሎ,ኤሌክትሪክ ኮንታክት,3000000.0,6000.0,9.0,10.0,10.0,High
2017,2,27,0,ቦሌ,6,የገራዥ ቃጠሎ,ኤሌክትሪክ ኮንታክት,35000.0,6000.0,15.0,2.0,3.0,Low
2017,1,3,1,ቦሌ,13,የቤት ቃጠሎ,አይታወቅም,650000.0,24000.0,31.0,7.0,8.0,Medium
2017,1,3,1,አራዳ,4,የሆቴል ቃጠሎ,አይታወቅም,1000000.0,27000.0,37.0,0.0,2.0,High
2017,2,3,4,ቦሌ,3,የመኖሪያ ቤት ቃጠሎ,አይታወቅም,100000.0,12000.0,12.0,3.0,4.0,Medium
2017,2,3,4,ልደታ,4,የቤት ቃጠሎ,አይታወቅም,200000.0,3000.0,9.0,3.0,3.0,Medium
2017,4,3,0,ልደታ,8,የቤት ቃጠሎ,አይታወቅም,700000.0,18000.0,12.0,3.5,4.0,Medium
2017,8,3,3,አ/ከተማ,1,የመኖሪያ ቤቶችና ሱቆች (መጋዘን) ቃጠሎ,አይታወቅም,6000000.0,382000.0,150.0,2.0,2.0,High
2017,8,3,3,ን/ስልክ,11,የኩሽ ቃጠሎ,አይታወቅም,50000.0,6000.0,9.0,5.0,6.0,Low
2017,9,3,6,አራዳ,4,የቤት ቃጠሎ,ከሻማ የተነሳ,150000.0,6000.0,9.0,2.0,3.0,Medium
2017,10,3,1,ሸገር ሲቲ,አንዶዴ,የጤፍ ክምር ቃጠሎ,አይታወቅም,40000.0,6000.0,6.0,20.0,10.0,Low
2017,10,3,1,ን/ስልክ,12,የቤት ቃጠሎ,አይታወቅም,200000.0,18000.0,15.0,5.0,5.0,Medium
2017,11,3,4,ቂርቆስ,5,የፎቅ ቃጠሎ,አይታወቅም,850000.0,46000.0,41.0,1.5,2.0,Medium
2017,11,3,4,የካ,5,የቤት ቃጠሎ,አይታወቅም,63000.0,6000.0,9.0,4.0,3.0,Low
2017,12,3,6,ቦሌ,3,የቤት ቃጠሎ,አይታወቅም,1000000.0,4000.0,15.0,3.0,4.0,High
2017,3,13,0,ቡራዬ,ከታ,የቤት ቃጠሎ,አይታወቅም,80000.0,6000.0,15.0,10.0,9.0,Low
2017,3,14,1,አቃቂ,6,የኩሽ ቃጠሎ,አይታወቅም,1000.0,1000.0,9.0,2.0,3.0,Low
2017,3,15,2,አ/ከተማ,11,የእንጨት መጋዘን ቃጠሎ,አይታወቅም,1000000.0,41500.0,51.0,4.0,4.0,High
2017,3,15,2,አ/ከተማ,13,የጫካ ቃጠሎ,አይታወቅም,20000.0,11000.0,16.0,4.0,5.0,Low
2017,3,15,2,ኮልፌ,5,የቤት ቃጠሎ,የኤ.ኮንታክት,300000.0,18000.0,21.0,3.0,4.0,Medium
2017,3,16,3,አራዳ,5,የእስቶር ቃጠሎ,አይታወቅም,100000000.0,586000.0,125.0,1.0,30.0,High
2017,3,17,4,ቦሌ,17,የቤት ቃጠሎ,አይታወቅም,10000.0,2000.0,9.0,7.0,8.0,Low
2017,3,17,4,ለሚኩራ,9,የመኪና ቃጠሎ,አይታወቅም,7000000.0,18000.0,26.0,4.0,4.0,High
2017,3,15,2,ጉለሌ,2,ፍርስራሽ ቃጠሎ ,ቆሻሻ ሲቃጠል,1000.0,6000.0,9.0,4.0,5.0,Low
2017,7,3,0,ቦሌ,14,የመኖሪያ ቤት ቃጠሎ,አይታወቅም,50000.0,1000.0,9.0,4.0,5.0,Low
2017,9,3,6,ቦሌ,5,የቤት ቃጠሎ,ኤሌክትሪክ ኮንታክት,200000.0,4000.0,9.0,1.0,50.0,High
2017,3,21,1,ለሚኩራ,8,የቤት ቃጠሎ,አይታወቅም,1000000.0,12000.0,15.0,8.0,8.0,High
2017,3,21,1,አ/ቃሊቲ,13,የቤት ቃጠሎ,አይታወቅም,400000.0,6000.0,9.0,12.0,12.0,Medium
2017,3,21,1,አ/ቃሊቲ,8,የወረዳ 08 ጽ/ቤት ቃጠሎ,አይታወቅም,100000.0,12000.0,17.0,4.0,5.0,Medium
2017,3,22,2,ለሚኩራ,9,የቆሻሻ ቃጠሎ,አይታወቅም,7000.0,7000.0,21.0,5.0,4.0,Low
2017,3,23,3,አራ ,7,የቤት ቃጠሎ,አይታወቅም,100000.0,18000.0,22.0,3.0,8.0,Medium
2017,3,25,5,ለሚኩራ,5,የቤት ቃጠሎ,አይታወቅም,30000.0,4000.0,9.0,2.5,3.0,Low
2017,3,27,0,ኮልፌ,2,የጎማ ቃጠሎ,አይታወቅም,200000.0,6000.0,9.0,7.0,9.0,Medium
2017,3,28,1,ሸገር ,አንዶሴ,የእህል ክምር ቃጠሎ,እሸት ሲጠብሱ,40000.0,6000.0,6.0,15.0,15.0,Low
2017,3,28,1,አ/ቃሊቲ,5,የሳር ክምር ቃጠሎ,አይታወቅም,30000.0,40000.0,19.0,6.0,7.0,Low
2017,3,28,1,ቦሌ,3,የከብቶች በረት ቃጠሎ,ቆሻሻ ሲያቃጥሉ,7900000.0,186000.0,131.0,4.0,5.0,High
2017,3,28,1,ገላን ,አንዶዴ,የጤፍ ክምር ቃጠሎ,አይታወቅም,80000.0,6000.0,9.0,16.0,17.0,High
2017,3,29,2,መኔአብቹ,ቱፋ ሙና ,የሳር ክምር ቃጠሎ,አይታወቅም,80000.0,31000.0,16.0,20.0,25.0,High
2017,3,28,1,ለሚኩራ,13,የእንጨት ቤት ቃጠሎ,አይታወቅም,2500000.0,72000.0,42.0,5.0,5.0,High
2017,3,29,2,ኮልፌ,8,የቤት ቃጠሎ,ኤሌክትሪክ ኮንታክት ,100000.0,6000.0,9.0,6.0,8.0,Medium
2017,3,29,2,ቦሌ,11,የጤፍ ክምር ቃጠሎ,አይታወቅም,45000.0,6000.0,6.0,14.0,5.0,Low
2017,3,30,3,ለሚኩራ,9,የቤት ቃጠሎ,አይታወቅም,50000.0,6000.0,6.0,6.0,4.0,Low
2017,2,4,5,ቦሌ,12,የንግድ ቤትና የቤት ቃጠሎ,አይታወቅም,200000.0,24000.0,32.0,3.0,4.0,Medium
2017,3,4,5,አ/ቃሊቲ,10,ጅምር ቤት ቃጠሎ,ቆሻሻ ሲያቃጥሉ,50000.0,4000.0,6.0,10.0,11.0,Low
2017,4,4,1,ኮልፌ,7,የቤት ቃጠሎ,አይታወቅም,50000.0,6000.0,9.0,1.0,1.0,Low
2017,4,4,1,አ/ከተማ,6,የቤት ቃጠሎ,አይታወቅም,200000.0,9000.0,18.0,2.0,2.0,Medium
2017,7,4,1,ሸገር ,ገላን ,የእህል ክምር ቃጠሎ,አይታወቅም,100000.0,12000.0,16.0,14.0,8.0,Medium
2017,7,4,1,ሸገር ,ገላን ,የወረቀት ቆሻሻ ቃጠሎ,ቆሻሻ ሲያቃጥሉ,250000.0,12000.0,16.0,13.0,7.0,Medium
2017,9,4,0,ቦሌ,5,የባስ ቃጠሎ,አይታወቅም,1000.0,1000.0,9.0,1.0,2.0,Low
2017,9,4,0,አ/ከተማ,11,የሱቅ ቃጠሎ,የኤ/ኮንታክት,0.0,9000.0,15.0,5.0,5.0,Low
2017,9,4,0,ለሚኩራ,2,የፎቅ ቃጠሎ,የኤ/ኮንታክት,75000.0,1000.0,9.0,7.0,6.0,Low
2017,10,4,2,ቦሌ,7,የብረታ ብረት እንጨት ስራ ቃጠሎ,አይታወቅም,2500000.0,80000.0,42.0,3.0,4.0,High
2017,10,4,2,ሸገር ,ኮቶናተው,የት/ቤት ቃጠሎ,አይታወቅም,500000.0,18000.0,25.0,11.0,11.0,Medium
2017,4,13,3,ኮልፌ,4,የቤት ቃጠሎ,የኤ/ኮንታክት,500000.0,6000.0,9.0,12.0,8.0,Medium
2017,4,14,4,ኮልፌ,5,የቤት ቃጠሎ,አይታወቅም,100000.0,6000.0,9.0,7.0,9.0,Medium
2017,4,14,4,ኮልፌ,5,የቤት ቃጠሎ,አይታወቅም,100000.0,6000.0,9.0,7.0,9.0,Medium
2017,4,15,5,ጉለሌ,9,የመኪና ቃጠሎ,አይታወቅም,20000.0,3000.0,9.0,4.0,5.0,Low
2017,4,15,5,አራዳ,6,የመኪና ቃጠሎ,ኤ/ኮንታክት,190000.0,3000.0,9.0,1.0,2.0,Medium
2017,4,16,6,ሸገር ሲቲ,ቱፋ መና,የመጋዘንና ሳር ክምር ቃጠሎ,ኤ/ኮንታክት,1000000.0,18000.0,21.0,16.0,18.0,High
2017,4,17,0,ቦሌ,12,የጓሮ አትክልት ቃጠሎ,አይታወቅም,30000.0,5000.0,6.0,13.0,13.0,Low
2017,4,18,1,አ/ከተማ,1,የምጣድ ማምረቻ እና የህንፃ መሳሪያ ቃጠሎ,አይታወቅም,1500000.0,50500.0,38.0,4.0,5.0,High
2017,4,18,1,ኮልፌ,1,የሱቅ ቃጠሎ,አይታወቅም,5000000.0,35000.0,32.0,5.0,5.0,High
2017,4,19,2,አራዳ,5,የሱቅ ቃጠሎ,አይታወቅም,300000.0,18000.0,21.0,1.0,2.0,Medium
2017,4,20,3,አ/ከተማ,13,የጫካ ቃጠሎ,አይታወቅም,2000.0,9000.0,15.0,4.0,6.0,Low
2017,4,22,5,ሸገር ሲቲ,ገላን,የእህል ክምር ቃጠሎ,አይታወቅም,180000.0,18000.0,15.0,25.0,25.0,High
2017,4,23,6,ቦሌ,13,የጎጆ ቤት ቃጠሎ,አይታወቅም,80000.0,6000.0,9.0,5.0,6.0,Low
2017,4,24,0,ሸገር ሲቲ,ባቡ,የጤፍ ክምር ቃጠሎ,አይታወቅም,1000000.0,12000.0,16.0,10.0,9.0,High
2017,4,24,0,አራዳ,5,የፖሊስ ሴንተር ቃጠሎ,አይታወቅም,5000.0,1000.0,9.0,1.5,2.0,Low
2017,4,25,1,ጉለሌ,5,የኩሽና ቃጠሎ,ከእስቶቭ ተነሳ,50000.0,6000.0,9.0,4.0,5.0,Low
2017,4,26,2,የካ,9,የቆሻሻ ቃጠሎ,አይታወቅም,0.0,6000.0,9.0,9.0,10.0,Low
2017,4,26,2,አራዳ,9,የእንጨት ክምር ቃጠሎ,አይታወቅም,20000.0,12000.0,15.0,3.0,3.0,Low
2017,4,27,3,አ/ቃሊቲ,6,የፎረንሲክ መኪና ቃጠሎ,ከዘይት ፍሳሽ የተነሳ ,20000.0,6000.0,9.0,3.0,2.0,Low
2017,4,27,3,አራዳ,5,የቤት ቃጠሎ,ኤ/ኮንታክት,85000.0,6000.0,9.0,1.5,2.0,Low
2017,4,27,3,ኮልፌ,9,ግድብ ውስጥ ዘንባባ ቃጠሎ,አይታወቅም,2000.0,2000.0,9.0,7.0,9.0,Low
2017,4,27,3,አ/ከተማ,1,የቤት ቃጠሎ,አይታወቅም,85000.0,280000.0,36.0,3.5,3.0,Low
2017,4,28,4,የካ,4,የኩሽና ቃጠሎ,አይታወቅም,5000.0,6000.0,9.0,3.0,6.0,Low
2017,4,28,4,አ/ቃሊቲ,8,የፖል ቃጠሎ,ኤ/ኮንታክት,500000.0,100.0,9.0,2.0,4.0,Medium
2017,4,28,4,የካ,6,የቆሻሻ ቃጠሎ,አይታወቅም,0.0,24000.0,15.0,3.0,3.0,Low
2017,4,28,4,ጉለሌ,9,የቤት ቃጠሎ,አይታወቅም,150000.0,12000.0,15.0,4.0,6.0,Medium
2017,4,29,5,ለሚኩራ,10,የቤት ቃጠሎ,አይታወቅም,400000.0,6000.0,9.0,4.2,5.0,Medium
2017,4,29,5,አ/ቃሊቲ,1,የቤት ቃጠሎ,አይታወቅም,200000.0,7000.0,15.0,6.0,8.0,Medium
2017,4,29,5,ቦሌ,5,የኪችን ቃጠሎ,አይታወቅም,80000.0,6000.0,9.0,2.0,3.0,Low
2017,4,30,6,አ/ከተማ,6,የቤት ቃጠሎ,አይታወቅም,400000.0,35000.0,34.0,2.0,2.0,Medium
2017,1,5,3,ጉለሌ,3,የቤት ቃጠሎ,አይታወቅም,600000.0,12000.0,12.0,2.5,3.0,Medium
2017,3,5,6,ኦሮሚያ,ሸገር ሲቲ,የቤት ቃጠሎ,ኤ/ኮንታክት,300000.0,6000.0,9.0,5.0,6.0,Medium
2017,3,5,6,ኮልፌ,9,የእስቶር ቃጠሎ,ኤ/ኮንታክት,20000.0,6000.0,9.0,5.5,10.0,Low
2017,3,5,6,ኮልፌ,5,የሳር ክምር ቃጠሎ,አይታወቅም,1000.0,6000.0,9.0,4.0,10.0,Low
2017,4,5,2,አ/ቃሊቲ,5,የመኖሪያ ቤት ቃጠሎ,አይታወቅም,400000.0,6000.0,6.0,9.0,10.0,Medium
2017,5,5,4,ኮልፌ,4,መጋዘን ቃጠሎ,ኤ/ኮንታክት,40000.0,6000.0,9.0,3.0,4.0,Low
2017,5,5,4,ሸገር ሲቲ,11,የእህል ክምር ቃጠሎ,አይታወቅም,1500000.0,48000.0,29.0,14.0,14.0,High
2017,5,4,3,የካ ,6,የቆሻሻ ቃጠሎ,አይታወቅም,0.0,6000.0,9.0,6.0,0.0,Low
2017,5,5,4,ን/ላፍቶ,13,የሬንጅ ቃጠሎ ,ከአቅም በላይ እሳት ማንድ,7000.0,6000.0,9.0,7.0,6.0,Low
2017,6,5,0,ልደታ,8,የሱቅ ቃጠሎ,ኤ/ኮንታክት,115000.0,3000.0,9.0,2.0,3.0,Medium
2017,7,5,2,አራዳ,3,የሼድ ቃጠሎ,ኤ/ኮንታክት,20000000.0,257000.0,96.0,3.0,3.0,High
2017,9,5,1,ን/ላፍቶ,10,የንግድ ቤት ቃጠሎ,ኤ/ኮንታክት,50000.0,6000.0,9.0,1.0,1.0,Low
2017,9,5,1,አ/ቃሊቲ,1,የቤት ቃጠሎ,አይታወቅም,100000.0,6000.0,10.0,5.0,5.0,Medium
2017,9,5,1,ጉለሌ,10,የቤት ቃጠሎ,አይታወቅም,10000.0,6000.0,9.0,3.0,2.0,Low
2017,11,5,6,ቂርቆስ,0,የዛፍ ቃጠሎ,ኤ/ኮንታክት,1000.0,6000.0,9.0,3.0,2.0,Low
2017,11,5,6,ለሚኩራ,6,የጤፍ ክምር ቃጠሎ,አይታወቅም,320000.0,20000.0,18.0,9.0,19.0,High
2017,11,5,6,ሸገር ሲቲ,አንዶዴ,የእህል ክምር ቃጠሎ,አይታወቅም,80000.0,6000.0,9.0,12.0,10.0,Low
2017,11,5,6,ሸገር ሲቲ,ሸገር ሲቲ,የቆሻሻ ቃጠሎ,አይታወቅም,0.0,12000.0,15.0,40.0,30.0,High
2017,12,5,1,ቂርቆስ,10,የመኪና ቃጠሎ,አይታወቅም,300000.0,4000.0,9.0,11.0,3.0,Medium
2017,12,5,1,ሸገር ሲቲ,ተኩዬ,የእህል ክምር ቃጠሎ,አይታወቅም,2100000.0,112000.0,16.0,63.0,1.0,High
2017,5,13,5,ለሚኩራ,4,የሰደድ እሳት,አይታወቅም,10000.0,24000.0,31.0,10.0,10.0,Low
2017,5,15,0,ለሚኩራ,8,የተትራንስፈር ቃጠሎ,አይታወቅም,400000.0,1000.0,9.0,4.0,4.0,Medium
2017,5,15,0,ቦሌ,12,የንግድ ቤት ቃጠሎ,ኤ/ኮንታክት,300000.0,6000.0,9.0,8.0,9.0,Medium
2017,5,15,0,ን/ላፍቶ,6,የቆሻሻ ቃጠሎ,ሆን ተብሎ,0.0,6000.0,9.0,1.0,2.0,Low
2017,5,17,2,ጉለሌ,5,የእንጨት መሰንጠቂያ ቃጠሎ,አይታወቅም,10000.0,6000.0,9.0,2.0,2.0,Low
2017,5,17,2,ሸገር ሲቲ,ሸገር ሲቲ,የቤት ቃጠሎ,የኤሌክትሪክ ኮንታክት,300000.0,6000.0,9.0,16.0,43.0,High
2017,5,17,2,ለሚኩራ,13,የህንፃ ቃጠሎ,አይታወቅም,1500000.0,122000.0,27.0,6.0,7.0,High
2017,5,19,4,ሸገር ሲቲ,ወዴሳ,የእህል ክምር ቃጠሎ,አይታወቅም,50000.0,12000.0,16.0,7.0,8.0,Low
2017,5,21,6,ኦሮሚያ,ገዳ ሁርጅ,የቤት ቃጠሎ,አይታወቅም,200000.0,6000.0,9.0,13.0,27.0,High
2017,5,21,6,ቦሌ,6,የቤት ቃጠሎ,የኤሌክትሪክ ኮንታክት,90000.0,12000.0,22.0,5.0,4.0,Low
2017,5,21,6,አ/ከተማ,3,ዳቦ ቤት ቃጠሎ,አይታወቅም,1500000.0,22000.0,34.0,2.0,2.0,High
2017,5,22,0,ን/ላፍቶ,12,የፎቅ ቃጠሎ,አይታወቅም,3000000.0,227000.0,56.0,5.0,6.0,High
2017,5,22,0,ን/ላፍቶ,6,የቤት ቃጠሎ,አይታወቅም,700000.0,4000.0,14.0,6.0,7.0,Medium
2017,5,22,0,አ/ቃሊቲ,12,የመጋዘንና ፋብሪካ ቃጠሎ ,አይታወቅም,1000000.0,6000.0,10.0,9.0,10.0,High
2017,5,23,1,አራዳ,7,የቤት ቃጠሎ,አይታወቅም,500000.0,6000.0,9.0,3.0,10.0,Medium
2017,5,24,2,ቦሌ,13,የቤት ቃጠሎ,የኤሌክትሪክ ኮንታክት,150000.0,6000.0,9.0,3.0,4.0,Medium
2017,5,24,2,የካ,2,የደን ቃጠሎ,አይታወቅም,30000.0,6000.0,9.0,4.0,5.0,Low
2017,5,27,5,ቦሌ,3,የኪችን ቃጠሎ,ዘይት ፈሶ,200000.0,6000.0,9.0,6.0,7.0,Medium
2017,5,27,5,ን/ላፍቶ,12,የሆቴል ቃጠሎ,አይታወቅም,1000000.0,12000.0,16.0,6.0,10.0,High
2017,5,27,5,ን/ላፍቶ,7,የሱቅ ቃጠሎ,አይታወቅም,500000.0,6000.0,9.0,3.0,4.0,Medium
2017,5,28,6,ኦሮሚያ,ጉዳፈኖ,የቆሻሻ ቃጠሎ,አይታወቅም,8000.0,6000.0,9.0,9.0,2.0,Low
2017,5,28,6,ገላን ከተማ ,ቤቴ ዞን ,የከብቶች መኖ ቃጠሎ,አይታወቅም,150000.0,36000.0,22.0,15.0,12.0,Medium
2017,5,28,6,ኮልፌ,8,የቆሻሻ ቃጠሎ,አይታወቅም,0.0,4000.0,9.0,6.0,8.0,Low
2017,5,28,6,ኮልፌ,8,የፖል ቃጠሎ,የኤሌክትሪክ ኮንታክት,2000.0,1000.0,9.0,2.0,3.0,Low
2017,5,29,0,ኦሮሚያ,ሸገር ሲቲ,የጨርቃ ጨርቅ ፋብሪካ ቃጠሎ,አይታወቅም,30000000.0,24000.0,27.0,26.0,26.0,High
2017,5,30,1,ጉለሌ,8,የቤት ቃጠሎ,አይታወቅም,20000.0,6000.0,9.0,3.0,3.0,Low
2017,5,30,1,ልደታ,6,የዘንባባ ቃጠሎ,ቆሻሻ ሲያቃጥሉ,20000.0,4000.0,9.0,7.0,7.0,Low
2017,1,6,4,ኮልፌ,1,የእንጨት ክምር ቃጠሎ,አይታወቅም,5000.0,71000.0,40.0,6.0,7.0,Low
2017,1,6,4,ጉለሌ,7,የንግድ ቤት ቃጠሎ,አይታወቅም,80000.0,12000.0,22.0,4.0,5.0,Low
2007,2,6,1,አ/ቃሊቲ,7,የቤት ቃጠሎ,አይታወቅም,1700000.0,24000.0,29.0,5.0,6.0,High
2017,3,6,0,አ/ቃሊቲ,8,የቤት ቃጠሎ,አይታወቅም,300000.0,12000.0,16.0,4.0,5.0,Medium
2017,3,6,0,አ/ቃሊቲ,3,የመኪና ቃጠሎ,አይታወቅም,1500000.0,6000.0,16.0,7.0,6.0,High
2017,3,6,0,ጉለሌ,9,የዛፍ ቃጠሎ,የኤሌክትሪክ ኮንታክት,2000.0,1000.0,9.0,2.0,30.0,High
2017,4,6,3,አ/ቃሊቲ,5,የፋብሪካ ቃጠሎ,አይታወቅም,1000000.0,34000.0,32.0,4.0,5.0,High
2017,4,6,3,የካ,4,የቤት ቃጠሎ,አይታወቅም,75000.0,12000.0,15.0,4.0,5.0,Low
2017,5,6,5,ን/ላፍቶ,7,የቤት ቃጠሎ,አይታወቅም,500000.0,6000.0,18.0,3.0,6.0,Medium
2017,5,6,5,ን/ላፍቶ,2,መኪና ላይ የተጫነ ቆሻሻ ቃጠሎ,አይታወቅም,5000.0,6000.0,15.0,4.0,14.0,Low
2017,6,6,1,ን/ላፍቶ,14,የመኖሪያና ሱቆች ቃጠሎ,አይታወቅም,500000.0,12000.0,15.0,6.0,7.0,Medium
2017,6,6,1,አ/ከተማ,13,የጫካ ቃጠሎ,አይታወቅም,2000.0,9000.0,15.0,4.0,3.0,Low
2017,6,6,1,ጉለሌ,5,የኢንዱስትሪ መንደር ቃጠሎ ,አይታወቅም,30000.0,29500.0,45.0,7.0,8.0,Low
2017,9,6,2,ቦሌ,2,የቤት ቃጠሎ,አይታወቅም,0.0,6000.0,9.0,6.0,7.0,Low
2017,9,6,2,ኦሮሚያ,7,የመኖሪያ ቤትና የሱቅ ቃጠሎ,ነዳጅ,300000.0,22000.0,15.0,19.0,28.0,High
2017,9,6,2,ን/ላፍቶ,2,የሳር ክምር ቃጠሎ,የኤ/ኮንታክት,600000.0,136500.0,37.0,5.0,4.0,Medium
2017,9,6,2,ቢሾፍቱ,ኦሮሚያ,የቤትና የመኪና ቃጠሎ,አይታወቅም,3000000.0,13000.0,9.0,35.0,38.0,High
2017,10,6,4,ሰበታ,7,የመኖሪያ ቤትና የሱቅ ቃጠሎ,የኤሌክትሪክ ኮንታክት,2000000.0,28000.0,21.0,19.0,22.0,High
2017,10,6,4,ን/ላፍቶ,2,የሳር ክምር ቃጠሎ,የኤሌክትሪክ ኮንታክት,10000.0,8500.0,9.0,6.0,12.0,Low
2017,10,6,4,ቡራዩ,1,የቆሎ መጋዘንና የመኖሪያ ቤት ቃጠሎ,አይታወቅም,20000.0,6000.0,9.0,6.0,7.0,Low
2017,11,6,0,ሸገር ሲቲ,ነሙ,የቤት ቃጠሎ,አይታወቅም,200000.0,51000.0,27.0,10.0,8.0,Medium
2017,12,6,2,ን/ላፍቶ,8,የቤት ቃጠሎ,የኤሌክትሪክ ኮንታክት,85000.0,7000.0,15.0,9.0,5.0,Low
2017,12,6,2,ኦሮሚያ,ሸገር ሲቲ,የእህል ክምር ቃጠሎ,አይታወቅም,50000.0,6000.0,17.0,12.0,10.0,Low
2017,12,6,2,ኮልፌ,1,የፋብሪካ  መጋዘን ቃጠሎ,አይታወቅም,16730000.0,323000.0,101.0,6.0,7.0,High
2017,12,6,2,አራዳ,6,የኮሪድር ልማት መብራት ማከፋፈያ,አይታወቅም,200000.0,6000.0,9.0,1.0,2.0,Medium
2017,6,13,1,ኦሮሚያ,3,የጫካ ቃጠሎ,አይታወቅም,100000.0,0.0,64.0,10.0,11.0,Medium
2017,6,15,3,ሸገር ሲቲ,ድሬ ተሊለ ,የስቶር ቃጠሎ,ቆሻሻ ሲያቃጥሉ,200000.0,6000.0,9.0,7.0,8.0,Medium
2017,6,15,3,አ/ቃሊቲ,9,የቤት ቃጠሎ,አይታወቅም,35000.0,4000.0,9.0,7.0,7.0,Low
2017,6,15,3,ልደታ,10,የኩሽና ቃጠሎ,አይታወቅም,50000.0,1000.0,13.0,4.0,5.0,Low
2017,6,15,3,አራዳ,8,የካፌ ቃጠሎ,አይታወቅም,300000.0,12000.0,15.0,3.0,4.0,Medium
2017,6,16,4,ቂርቆስ,2,የቤት ቃጠሎ,ከሻማ የተነሳ,300000.0,8500.0,9.0,3.0,5.0,Medium
2017,6,16,4,ቦሌ,12,የጭድ ክምር ቃጠሎ,አይታወቅም,300000.0,18000.0,15.0,8.0,9.0,Medium
2017,6,16,4,ለሚኩራ,14,የወፍጮና የቤት ቃጠሎ,አይታወቅም,2500000.0,12000.0,16.0,10.0,17.0,High
2017,6,17,5,ን/ላፍቶ,13,የሱቅና ምግብ ቤት ቃጠሎ,አይታወቅም,100000.0,16000.0,15.0,8.0,15.0,Medium
2017,6,17,5,አ/ቃሊቲ,8,የመኪናና የእድር ቤት ቃጠሎ,አይታወቅም,1600000.0,12000.0,15.0,5.0,3.0,High
2017,6,18,6,ቦሌ,4,የፖል ቃጠሎ,አይታወቅም,0.0,4000.0,9.0,2.0,3.0,Low
2017,6,19,0,ልደታ,1,የቤት ቃጠሎ,አይታወቅም,800000.0,6000.0,6.0,2.5,4.0,Medium
2017,6,19,0,አ/ከተማ,9,የቤት ቃጠሎ,የኤሌክትሪክ ኮንታክት,300000.0,12000.0,15.0,2.0,2.0,Medium
2017,6,19,0,ኮልፌ,2,ጨርቃ ጨርቅ ፋብሪካ ቃጠሎ,የኤሌክትሪክ ኮንታክት,2000000.0,102000.0,64.0,7.0,13.0,High
2017,6,20,1,ቦሌ,7,የንግድ ቤት ቃጠሎ,አይታወቅም,3000000.0,34000.0,19.0,3.0,4.0,High
2017,6,20,1,ለሚኩራ,4,የጫ ቃጠሎ,ሆን ተብሎ የተለኮሰ,30000.0,1000.0,12.0,10.0,11.0,Low
2017,1,7,5,ሸገር ሲቲ,ማልኮ ባባ,የፖል ቃጠሎ,የኤ/ኮንታክት,3000.0,600.0,9.0,13.0,20.0,High
2017,1,7,5,ሸገር ሲቲ,ሲድ አዋሽ,የትራንስፎርመር ቃጠሎ,በግራይንደር ሲቆርጡ,20000.0,30000.0,23.0,8.0,5.0,Low
2017,2,7,1,ሸገር ሲቲ,ኢንደዴ,የጭድ ክምር ቃጠሎ,አይታወቅም,100000.0,18000.0,18.0,21.0,22.0,High
2017,3,7,1,ለሚኩራ,5,ለኣርጎ ማምረቻና መሸጫ ቃጠሎ,የኤ/ኮንታክት,30000.0,5000.0,9.0,2.0,2.0,Low
2017,4,7,4,የካ,9,የትራንስፎርመር ቃጠሎ,አይታወቅም,250000.0,6000.0,9.0,5.0,4.0,Medium
2017,4,7,4,ቦሌ,11,የቤት ቃጠሎ,አይታወቅም,200000.0,6000.0,9.0,5.0,7.0,Medium
2017,5,7,6,ለሚኩራ,4,የጫካ ቃጠሎ,አይታወቅም,3000.0,6000.0,9.0,7.0,10.0,Low
2017,6,7,2,ኢባን ጉዳ,ዞን6,የቤት ቃጠሎ,የኤ/ኮንታክት,150000.0,6000.0,9.0,11.0,30.0,High
2017,7,7,4,ለሚኩራ,5,የትራንስፎርመር ቃጠሎ,አይታወቅም,300000.0,1000.0,9.0,2.0,2.0,Medium
2017,8,7,0,ሙዳ ፉሪ,ፉሪ,የዘይት መጋዘን,የነዳጅ ቃጠሎ,400000.0,6000.0,12.0,14.0,20.0,High
2017,8,7,0,ቦሌ,3,የክችን ቃጠሎ,አይታወቅም,1000000.0,24000.0,27.0,5.0,6.0,High
2017,9,7,3,ኮልፌ,6,የፖል ቃጠሎ,አይታወቅም,300.0,800.0,9.0,4.0,5.0,Low
2017,9,7,3,አ/ቃሊቲ,8,የቤት ቃጠሎ,የኤ/ኮንታክት,5000.0,3000.0,9.0,7.0,7.0,Low
2017,9,7,3,አ/ቃሊቲ,12,የፖል ቃጠሎ,የኤ/ኮንታክት,4000.0,3000.0,9.0,10.0,10.0,Low
2017,10,7,5,አ/ቃሊቲ,2,የቤት ቃጠሎ,አይታወቅም,200000.0,12000.0,17.0,5.0,5.0,Medium
2017,11,7,1,ን/ስ,1,የማደያናመኪና ቃጠሎ,አይታወቅም,500000.0,6000.0,10.0,4.0,18.0,High
2017,12,7,3,ቦሌ,4,የክችን ቃጠሎ,አይታወቅም,50000.0,12000.0,15.0,4.0,5.0,Low
2017,11,7,1,ጉለሌ,10,የፖል ቃጠሎ,የኤ/ኮንታክት,10000.0,3000.0,9.0,2.0,2.0,Low
2017,7,14,4,አ/ከተማ,1,የቤት ቃጠሎ,የኤ/ኮንታክት,200000.0,19000.0,21.0,3.0,3.0,Medium
2017,7,14,4,የካ,7,የእስቶር ቃጠሎ,አይታወቅም,389000.0,12000.0,16.0,4.0,5.0,Medium
2017,7,15,5,አ/ቃሊቲ,5,የቤት ቃጠሎ,አይታወቅም,60000.0,4000.0,9.0,5.0,6.0,Low
2017,7,16,6,አራዳ,2,የሱቆች ቃጠሎ,አይታወቅም,200000.0,20500.0,23.0,1.5,2.0,Medium
2017,7,17,0,ለሚኩራ,11,የፋብሪካ ቃጠሎ,አይታወቅም,2050000.0,1800.0,22.0,7.0,7.0,High
2017,7,17,0,ልደታ,1,የቤት ቃጠሎ,አይታወቅም,4000000.0,27000.0,21.0,8.0,10.0,High
2017,7,17,0,ለሚኩራ,3,የትራንስፎርመርና ፖል  ቃጠሎ,አይታወቅም,10000.0,1000.0,9.0,6.0,4.0,Low
2017,7,19,2,ን/ስ,13,የቤት ቃጠሎ,አይታወቅም,2000000.0,3000.0,6.0,7.0,9.0,High
2017,7,20,3,ኮልፌ,3,የኬብል ቃጠሎ,አይታወቅም,20000.0,1000.0,9.0,7.0,7.0,Low
2017,7,21,4,አ/ቃሊቲ,4,የጋራዥ ና ባጃጅ ቃጠሎ,የኤ/ኮንታክት,500000.0,14000.0,25.0,6.0,5.0,Medium
2017,7,25,1,አ/ቃሊቲ,2,የቤት ቃጠሎ,አይታወቅም,200000.0,12000.0,15.0,4.0,5.0,Medium
2017,7,25,1,ሸገርሲቲ,ፉሪ,የቤት ቃጠሎ,አይታወቅም,500000.0,6000.0,9.0,16.0,1.0,Medium
2017,7,25,1,ቂርቆስ,9,የቆሻሻ ቃጠሎ,አይታወቅም,0.0,4000.0,6.0,0.5,12.0,Low
2017,7,26,2,ሸገር ገላን,ገላን,የመኪና ቃጠሎ,አይታወቅም,2000000.0,12000.0,15.0,14.0,10.0,High
2017,7,27,3,ኮልፌ,8,የተከመረቅጠል ቃጠሎ,አይታወቅም,50000.0,6000.0,9.0,4.0,6.0,Low
2017,7,30,6,ለሚኩራ,3,የጥበቃ ቤት ቃጠሎ,አይታወቅም,20000.0,4000.0,9.0,7.0,8.0,Low
2017,7,30,6,አ/ቃሊቲ,6,ቫጆ ማጠቢያ ቃጠሎ,አይታወቅም,10000.0,6000.0,9.0,1.0,2.0,Low
2017,1,8,6,አ/ቃሊቲ,8,የእስቶር ቃጠሎ,አይታወቅም,120000.0,6000.0,12.0,2.0,3.0,Medium
2017,1,8,6,አ/ቃሊቲ,6,የሆቴል ቃጠሎ,አይታወቅም,500000.0,9000.0,15.0,2.0,5.0,Medium
2017,1,8,6,አ/ቃሊቲ,2,የነዳጅ ቃጠሎ,አይታወቅም,40000.0,6000.0,15.0,5.0,6.0,Low
2017,1,8,6,ልደታ,3,የቤት ቃጠሎ,የእጣን ጭስ,500000.0,12000.0,17.0,4.0,5.0,Medium
2017,2,8,2,ጉለሌ,6,የጫካ ቃጠሎ,አይታወቅም,100000.0,32000.0,32.0,6.0,20.0,High
2017,2,8,2,ሸገር ሲቲ,ጫፌ,የቤት ቃጠሎ,አይታወቅም,1500000.0,12000.0,21.0,15.0,20.0,High
2017,2,8,2,ጉለሌ,6,የእንጨት ክምር ቃጠሎ,አይታወቅም,4000.0,3000.0,9.0,11.0,19.0,High
2017,2,8,2,አ/ከተማ,12,የሱቆች ቃጠሎ,አይታወቅም,1500000.0,18000.0,24.0,3.5,3.0,High
2017,2,8,2,ኮልፌ,6,የፖል ቃጠሎ,አይታወቅም,20000.0,1000.0,9.0,2.0,3.0,Low
2017,2,8,2,ቦሌ,7,የጥጥ ፋብሪካ/መጋዘን ቃጠሎ,አይታወቅም,40000000.0,615000.0,155.0,3.0,4.0,High
2017,4,8,5,አ/ቃሊቲ,5,የቆሻሻ ቃጠሎ,አይታወቅም,10000.0,3000.0,9.0,4.0,5.0,Low
2017,4,8,5,አቃቂ,1,የሱቆች ቃጠሎ,አይታወቅም,3000000.0,39000.0,33.0,5.0,5.0,High
2017,5,8,0,አ/ከተማ,12,የንግድ ቤት ቃጠሎ,አይታወቅም,10000.0,6000.0,9.0,2.0,1.0,Low
2017,5,8,0,አራዳ,7,የካምፕ መኖሪያ ቃጠሎ,አይታወቅም,800000.0,36000.0,37.0,3.0,3.0,Medium
2017,5,8,0,አ/ከተማ,8,የቤት ቃጠሎ,አይታወቅም,30000.0,4000.0,9.0,1.0,1.0,Low
2017,5,8,0,አ/ቃሊቲ,13,የፖል ቃጠሎ,አይታወቅም,20000.0,1000.0,6.0,5.0,6.0,Low
2017,5,8,0,ጉለሌ,1,የዛፍ ቃጠሎ,አይታወቅም,10000.0,10000.0,15.0,4.0,4.0,Low
2017,5,8,0,አ/ቃሊቲ,13,የፖል ቃጠሎ, የኤ/ኮንታክት,20000.0,2000.0,9.0,5.0,6.0,Low
2017,7,8,5,ኦሮሚያ ,አንፎ ጉደና ,የቤት ቃጠሎ, የኤ/ኮንታክት,15000.0,6000.0,8.0,8.0,10.0,Low
2017,8,8,1,ን/ስልክ,14,የቤት ቃጠሎ,አይታወቅም,200000.0,6000.0,10.0,8.0,10.0,Medium
2017,8,8,1,አ/ከተማ,10,የኮንስትራክሽን ቃጠሎ,አይታወቅም,40000.0,25000.0,22.0,1.5,1.0,Low
2017,8,8,1,ኮልፌ,11,የቤት ቃጠሎ,አይታወቅም,200000.0,6000.0,9.0,8.0,10.0,Medium
2017,10,8,6,የካ,9,የሱቆች ቃጠሎ,አይታወቅም,5000000.0,60000.0,30.0,5.0,6.0,High
2017,11,8,2,የካ,2,የኩሽ ቃጠሎ,አይታወቅም,50000.0,6000.0,15.0,6.0,11.0,Low
2017,8,14,0,አ/ቃሊቲ,4,የሰደድ እሳት ,አይታወቅም,10000.0,6000.0,9.0,4.0,5.0,Low
2017,8,14,0,ጉለሌ,8,የቅጠል ክምር ቃጠሎ,አይታወቅም,2000.0,6000.0,9.0,3.0,4.0,Low
2017,8,14,0,ለሚኩራ,10,የቆሻሻ ቃጠሎ,አይታወቅም,15000.0,10000.0,6.0,3.0,3.0,Low
2017,8,15,1,አ/ቃሊቲ,12,የጭድ ክምር ቃጠሎ,አይታወቅም,100000.0,12000.0,12.0,7.0,7.0,Medium
2017,8,15,1,ጉለሌ,6,የጫካ ቃጠሎ,አይታወቅም,0.0,12000.0,15.0,7.0,8.0,Low
2017,8,15,1,ቦሌ,7,የቆሻሻ ቃጠሎ,አይታወቅም,0.0,3000.0,9.0,18.0,10.0,Low
2017,8,16,2,ን/ስልክ,2,የቤት ቃጠሎ, የኤ/ኮንታክት,300000.0,6000.0,20.0,4.0,5.0,Medium
2017,8,16,2,ልደታ,1,የቤት ቃጠሎ,አይታወቅም,50000.0,14000.0,21.0,5.0,6.0,Low
2017,8,16,2,ን/ስልክ,13,የቤት ቃጠሎ, የኤ/ኮንታክት,500000.0,12000.0,15.0,10.0,17.0,High
2017,8,16,2,አራዳ,5,የወጥ ቤት ቃጠሎ,አይታወቅም,50000.0,3000.0,9.0,500.0,1.0,Low
2017,8,17,3,ኦሮሚያ ,አለምገና,የእንጨት ክምር ቃጠሎ, የኤ/ኮንታክት,10000.0,6000.0,6.0,23.0,34.0,High
2017,8,19,5,አ/ከተማ,9,የቤት ቃጠሎ,አይታወቅም,250000.0,12000.0,12.0,1.5,2.0,Medium
2017,8,19,5,ኦሮሚያ ,ዱከም,የጭድ ክምር ቃጠሎ,አይታወቅም,30000.0,12000.0,15.0,30.0,30.0,High
2017,8,19,5,ኦሮሚያ ,ኩራጀዳ,የቤት ቃጠሎና የእህል ክምር ,አይታወቅም,1000000.0,30000.0,15.0,35.0,55.0,High
2017,8,20,6,ጉለሌ,10,የመኪና ቃጠሎ,በቤንዚል,15000.0,6000.0,17.0,100.0,4.0,Low
2017,8,20,6,ኮልፌ,1,የትራንስፎርመር ቃጠሎ,አይታወቅም,800000.0,6000.0,15.0,5.0,6.0,Medium
2017,8,20,6,ኦሮሚያ ,ሰንዳፋ,የቤትና የእህል ክምር ቃጠሎ,አይታወቅም,1200000.0,42000.0,9.0,46.0,1.0,High
2017,8,21,0,ኮልፌ,10,የሱቅ ቃጠሎ,አይታወቅም,350000.0,14500.0,13.0,3.0,3.0,Medium
2017,8,21,0,አ/ከተማ,12,የእንጨት ክምር ቃጠሎ,አይታወቅም,2000.0,14500.0,13.0,4.0,4.0,Low
2017,8,22,1,ን/ስልክ,1,የፖል ቃጠሎ,አይታወቅም,15000.0,1000.0,9.0,10.0,15.0,Low
2017,8,23,2,ን/ስልክ,11,የንግድ ቤቶች ቃጠሎ,አይታወቅም,2360000.0,20500.0,20.0,4.0,5.0,High
2017,8,23,2,አ/ቃሊቲ,5,የከሰል ድንጋይና የጫካ ቃጠሎ,አይታወቅም,0.0,2000.0,9.0,4.0,5.0,Low
2017,8,24,3,ኮልፌ,3,የቤት ቃጠሎ, የኤ/ኮንታክት,500000.0,6000.0,9.0,2.0,3.0,Medium
2017,8,24,3,አ/ከተማ,11,የሱቅ ቃጠሎ, የኤ/ኮንታክት,400000.0,12000.0,15.0,4.0,4.0,Medium
2017,8,26,5,የካ,9,የሲኖትራክ ግጭት ,ፍሬን መበጠስ ,0.0,0.0,10.0,3.0,4.0,Low
2017,8,25,4,አ/ከተማ,8,የቤት ቃጠሎ,አይታወቅም,0.0,0.0,9.0,1.0,1.0,Low
2017,8,28,0,ን/ስልክ,5,የፖል ቃጠሎ, የኤ/ኮንታክት,0.0,500.0,5.0,7.0,8.0,Low
2017,8,28,0,ን/ስልክ,2,የመኖሪያና የንግድ ቤት ቃጠሎ,አይታወቅም,1000000.0,540000.0,39.0,7.5,8.0,High
2017,8,29,1,ለሚኩራ,9,የሱቆች ቃጠሎ,አይታወቅም,1000000.0,52000.0,40.0,10.4,23.0,High
2016,8,29,0,ቦሌ,12,የሱቅ ቃጠሎ,አይታወቅም,1400000.0,12000.0,15.0,4.0,5.0,High
2017,3,9,3,አ/ቃሊቲ,6,የቤት ቃጠሎ,አይታወቅም,15000.0,6000.0,5.0,3.0,4.0,Low
2017,4,9,6,ልደታ,10,የቤቶች ቃጠሎ,አይታወቅም,600000.0,25000.0,29.0,4.0,5.0,Medium
2017,4,9,6,አ/ከተማ,5,የቤት ቃጠሎ,አይታወቅም,525000.0,23500.0,18.0,3.0,2.0,Medium
2017,5,9,1,ቦሌ,12,የቤት ቃጠሎ,አይታወቅም,250000.0,6000.0,9.0,10.0,11.0,Medium
2017,5,9,1,ኮልፌ,8,የፖል ቃጠሎ,አይታወቅም,1000.0,6000.0,6.0,3.0,4.0,Low
2017,7,9,6,ን/ስልክ,10,የእንጨት ቤት ቃጠሎ,አይታወቅም,50000.0,12000.0,16.0,3.0,4.0,Low
2017,8,9,2,ለሚኩራ,5,የቤት ቃጠሎ, የኤ/ኮንታክት,200000.0,2000.0,10.0,2.0,3.0,Medium
2017,9,9,5,ጉለሌ,8,የቤት ቃጠሎ,አይታወቅም,1000.0,1000.0,9.0,3.0,3.0,Low
2017,11,9,3,ቦሌ,7,የቤት ቃጠሎ, የኤ/ኮንታክት,100000.0,8000.0,15.0,5.0,5.0,Medium
2017,11,9,3,ሸገር ሲቲ,3,የቤት ቃጠሎ,አይታወቅም,300000.0,18000.0,21.0,10.0,16.0,High
2017,12,9,5,ኮልፌ,6,የቤት ቃጠሎ,አይታወቅም,200000.0,16000.0,15.0,4.0,6.0,Medium
2017,9,13,2,ለሚኩራ,4,የቤት ቃጠሎ,አይታወቅም,625000.0,12000.0,15.0,5.0,4.0,Medium
2017,9,16,5,ጉለሌ,9,የተጠራቀመ እንጨት ቃጠሎ,አይታወቅም,3000.0,6000.0,8.0,4.0,6.0,Low
2017,9,17,6,ን/ስልክ,11,የሻይ ቤት ቃጠሎ,አይታወቅም,100000.0,18000.0,18.0,4.0,4.0,Medium
2017,9,18,0,የካ ,3,የቆሻሻ ቃጠሎ,አይታወቅም ,0.0,4000.0,6.0,3.0,3.0,Low
2017,9,19,1,ጉለሌ,8,የመኪና ቃጠሎ,አይታወቅም ,640000.0,6000.0,9.0,5.0,7.0,Medium
2017,9,23,5,ኮልፌ,9,የቤት ቃጠሎ,አይታወቅም ,20000.0,15000.0,22.0,6.0,5.0,Low
2017,9,23,5,ቡራዩ,ከታ,የሱቆች ቃጠሎ,አይታወቅም,200000.0,9000.0,15.0,7.0,6.0,Medium
2017,9,23,5,አ/ከተማ,6,የኩሽና ቃጠሎ,አይታወቅም,80000.0,10000.0,12.0,3.0,3.0,Low
2017,9,26,1,ሸገር ሲቲ,ፊዳ አዋሽ,የጎማ ቃጠሎ,አይታወቅም ,10000.0,0.0,9.0,8.0,1.0,Low
2017,2,10,4,ን/ስልክ,12,የሆቴል ቃጠሎ,ኤሌክትሪክ,200000.0,17000.0,25.0,5.0,6.0,Medium
2017,6,10,5,አቃቂ,5,የዕቃ ግምጃቤት ቃጠሎ,አይታወቅም,20000.0,6000.0,6.0,4.0,5.0,Low
2017,7,10,0,ን/ስልክ,5,የፖል ቃጠሎ,ኤሌክትሪክ,20000.0,2000.0,8.0,4.0,5.0,Low
2017,7,10,0,ቦሌ,3,የፊሪጅ ቃጠሎ,አይታወቅም,400000.0,300.0,6.0,3.0,2.0,Medium
2017,7,10,0,ቂርቆስ,2,የንግድቤት ቃጠሎ,አይታወቅም,1500000.0,44500.0,26.0,1.0,2.0,High
2017,10,10,1,ለሚኩራ,11,የምግብቤት ቃጠሎ,በጀነሬተር የተነሳ,200000.0,18000.0,21.0,5.0,6.0,Medium
2017,11,10,4,አቃቂ,6,የቤትቃጠሎ,አይታወቅም,200000.0,21000.0,21.0,3.0,3.0,Medium
2017,11,10,4,ን/ስልክ,14,የቤትቃጠሎ,አይታወቅም,50000.0,2000.0,6.0,4.0,4.0,Low
2017,11,10,4,የካ,12,የመኖሪያናስቶር ቃጠሎ,አይታወቅም,3000000.0,36000.0,32.0,9.0,10.0,High
2017,12,10,6,አ/ከተማ,8,የሱቅ ቃጠሎ,ኤሌክትሪክ,50000.0,3000.0,14.0,1.0,2.0,Low
2017,10,14,5,አቃቂ,7,የፈርኒቸርተረፈምርት ቃጠሎ,አይታወቅም,100000.0,18000.0,22.0,6.0,5.0,Medium
2017,10,15,6,መ/ኖኖ,ገፈርስ,የመጋዘን ቃጠሎ,ኤሌክትሪክ,50000.0,26500.0,26.0,10.0,10.0,Low
2017,10,15,6,አቃቂ,6,የፔንስዮን ቃጠሎ,አይታወቅም,500000.0,24000.0,24.0,2.0,1.0,Medium
2017,10,16,0,ን/ስልክ,13,የፖል ቃጠሎ,አይታወቅም,20000.0,1000.0,5.0,7.0,8.0,Low
2017,10,16,0,ኦሮሚያ,ሸገርሲቲ,የፖል ቃጠሎ,አይታወቅም,50000.0,6000.0,9.0,20.0,10.0,Low
2017,10,16,0,ለሚኩራ,2,የቤትቃጠሎ,አይታወቅም,3000.0,18000.0,12.0,7.0,9.0,Low
2017,10,16,0,ቡራዩ,0,የቅጠል ክምር ቃጠሎ,አይታወቅም,100000.0,95000.0,50.0,7.0,8.0,Medium
2017,10,18,2,የካ,9,የቤትቃጠሎ,አይታወቅም,200000.0,12000.0,15.0,5.0,6.0,Medium
2017,10,19,3,ኮልፌ,3,የቤትቃጠሎ,ኤሌክትሪክ,100000.0,6000.0,9.0,10.0,7.0,Medium
2017,10,19,3,ኮልፌ,6,የቤትቃጠሎ,አይታወቅም,200000.0,6000.0,12.0,4.0,5.0,Medium
2017,10,20,4,የካ,5,የቤትቃጠሎ,ኤሌክትሪክ,100000.0,6000.0,9.0,3.0,2.0,Medium
2017,10,20,4,የካ,12,የቤትና ሱቅ ቃጠሎ,አይታወቅም,2350000.0,12000.0,11.0,15.0,5.0,High
2017,10,20,4,ቦሌ,3,የሼድ ቃጠሎ,አይታወቅም,2000000.0,288500.0,119.0,3.0,4.0,High
2017,10,20,4,ን/ስልክ,11,የፖል ቃጠሎ,አይታወቅም,10000.0,2000.0,5.0,6.0,7.0,Low
2017,10,21,5,ልደታ,9,የቤትቃጠሎ,ኤሌክትሪክ,1500000.0,25000.0,27.0,3.0,5.0,High
2017,10,21,5,ኮልፌ,6,የቤትቃጠሎ,ኤሌክትሪክ,10000.0,3000.0,6.0,5.0,7.0,Low
2017,4,24,0,ቦሌ,13,የሱቆች ቃጠሎ,አይታወቅም ,30000.0,24000.0,29.0,4.0,5.0,Low
2017,10,24,1,ሸገርሲቲ,0,የጥጥ ፋብሪካ ቃጠሎ,የማሽ እስፒርክ,400000.0,24000.0,30.0,7.0,7.0,Medium
2017,10,25,2,ቦሌ,4,የህንፃ ቃጠሎ,አይታወቅም ,29000.0,6000.0,6.0,5.0,6.0,Low
2017,10,27,4,ቦሌ,3,የመኖሪያ ቤት ቃጠሎ,አይታወቅም ,80000.0,6000.0,9.0,5.0,5.0,Low
2017,10,28,5,ሸገር ሲቲ,መልካ ኖኖ,የቤት ቃጠሎ,አይታወቅም ,5000000.0,24000.0,26.0,8.0,15.0,High
2017,10,28,5,ኮልፌ,4,የሬስቶራንት ቃጠሎ,አይታወቅም ,500000.0,6000.0,9.0,1.2,2.0,Medium
2017,9,10,6,አራዳ,4,ቱቦ ውስጥ የገባ እንሰሳ ,አንሸራቶት,0.0,0.0,9.0,3.0,4.0,Low
2017,10,10,1,ለሚኩራ,11,የምግብቤት ቃጠሎ,በጀነሬተር የተነሳ,200000.0,18000.0,21.0,5.0,6.0,Medium
2017,11,10,4,አቃቂ,6,የቤትቃጠሎ,አይታወቅም,200000.0,21000.0,21.0,3.0,3.0,Medium
2017,11,10,4,ን/ስልክ,14,የቤትቃጠሎ,አይታወቅም,50000.0,2000.0,6.0,4.0,4.0,Low
2017,11,10,4,አ/ከተማ,6,የጉድጓድ አደጋ,በብየና ስራ ምክንያት,0.0,0.0,50.0,2.0,2.0,Low
2017,11,10,4,የካ,12,የመኖሪያናስቶር ቃጠሎ,አይታወቅም,3000000.0,36000.0,32.0,9.0,10.0,High
2017,12,10,6,ለሚኩራ,2,ፈረስ ጉድጓድ ውስጥመግባት,አይታወቅም,0.0,0.0,15.0,7.0,7.0,Low
2017,12,10,6,አ/ከተማ,8,የሱቅ ቃጠሎ,ኤሌክትሪክ,50000.0,3000.0,14.0,1.0,2.0,Low
2017,10,14,5,አቃቂ,7,የፈርኒቸርተረፈምርት ቃጠሎ,አይታወቅም,100000.0,18000.0,22.0,6.0,5.0,Medium
2017,10,15,6,መ/ኖኖ,ገፈርስ,የመጋዘን ቃጠሎ,ኤሌክትሪክ,50000.0,26500.0,26.0,10.0,10.0,Low
2017,10,15,6,አቃቂ,6,የፔንስዮን ቃጠሎ,አይታወቅም,500000.0,24000.0,24.0,2.0,1.0,Medium
2017,10,16,0,ን/ስልክ,14,ሸእንትቤት ውስጥየገባ ህጻን,አይታወቅም,0.0,0.0,9.0,3.0,3.0,Low
2017,10,16,0,ን/ስልክ,13,የፖል ቃጠሎ,አይታወቅም,20000.0,1000.0,5.0,7.0,8.0,Low
2017,10,16,0,ኦሮሚያ,ሸገርሲቲ,የፖል ቃጠሎ,አይታወቅም,50000.0,6000.0,9.0,20.0,10.0,Low
2017,10,16,0,ለሚኩራ,2,የቤትቃጠሎ,አይታወቅም,3000.0,18000.0,12.0,7.0,9.0,Low
2017,10,16,0,ቡራዩ,0,የቅጠል ክምር ቃጠሎ,አይታወቅም,100000.0,95000.0,50.0,7.0,8.0,Medium
2017,10,18,2,የካ,9,የቤትቃጠሎ,አይታወቅም,200000.0,12000.0,15.0,5.0,6.0,Medium
2017,10,19,3,ኮልፌ,3,የቤትቃጠሎ,ኤሌክትሪክ,100000.0,6000.0,9.0,10.0,7.0,Medium
2017,10,19,3,ኮልፌ,6,የቤትቃጠሎ,አይታወቅም,200000.0,6000.0,12.0,4.0,5.0,Medium
2017,10,20,4,የካ,5,የቤትቃጠሎ,ኤሌክትሪክ,100000.0,6000.0,9.0,3.0,2.0,Medium
2017,10,20,4,የካ,12,የቤትና ሱቅ ቃጠሎ,አይታወቅም,2350000.0,12000.0,11.0,15.0,5.0,High
2017,10,20,4,ቦሌ,3,የሼድ ቃጠሎ,አይታወቅም,2000000.0,288500.0,119.0,3.0,4.0,High
2017,10,20,4,ን/ስልክ,11,የፖል ቃጠሎ,አይታወቅም,10000.0,2000.0,5.0,6.0,7.0,Low
2017,10,21,5,ልደታ,9,የቤትቃጠሎ,ኤሌክትሪክ,1500000.0,25000.0,27.0,3.0,5.0,High
2017,10,21,5,ቂርቆስ,1,የጎርፍ አደጋ,ከባድ ዝናብ,0.0,0.0,4.0,7.0,5.0,Low
2017,10,21,5,ኮልፌ,6,የቤትቃጠሎ,ኤሌክትሪክ,10000.0,3000.0,6.0,5.0,7.0,Low
2017,10,23,0,ቦሌ,14,መብራት የያዘው,ኤሌክትሪክ,0.0,0.0,6.0,4.0,5.0,Low
2017,10,23,0,ቂርቆስ,7,የወደቀዛፍ,አይታወቅም,500000.0,0.0,9.0,2.0,30.0,High
2017,4,24,0,ቦሌ,13,የሱቆች ቃጠሎ,አይታወቅም ,30000.0,24000.0,29.0,4.0,5.0,Low
2017,10,24,1,ሸገርሲቲ,0,የጥጥ ፋብሪካ ቃጠሎ,የማሽ እስፒርክ,400000.0,24000.0,30.0,7.0,7.0,Medium
2017,10,25,2,ቦሌ,4,የህንፃ ቃጠሎ,አይታወቅም ,29000.0,6000.0,6.0,5.0,6.0,Low
2017,10,25,2,ቂርቆስ,1,የጎርፍ አደጋ ,የትቦ መዘጋት ,15000.0,0.0,16.0,5.0,5.0,Low
2017,10,25,2,አ/ከተማ,12,ሽንት ቤት የተጣለ ህፃን ,አይታወቅም ,0.0,0.0,9.0,2.0,2.0,Low
2017,10,27,4,ቦሌ,3,የመኖሪያ ቤት ቃጠሎ,አይታወቅም ,80000.0,6000.0,9.0,5.0,5.0,Low
2017,10,28,5,ሸገር ሲቲ,መልካ ኖኖ,የቤት ቃጠሎ,አይታወቅም ,5000000.0,24000.0,26.0,8.0,15.0,High
2017,10,28,5,ኮልፌ,4,የሬስቶራንት ቃጠሎ,አይታወቅም ,500000.0,6000.0,9.0,1.2,2.0,Medium
2017,10,19,3,ጉለሌ,7,የመኪና መገልበጥ አደጋ ,አይታወቅም ,7500000.0,0.0,53.0,7.0,5.0,High
2017,10,25,2,ጉለሌ,2,እግረኛ መንገድ ላይ የወጣ መኪና ,አይታወቅም,300000.0,0.0,10.0,2.0,3.0,Medium
2017,10,25,2,አ/ከተማ,12,ሽሽንት ቤት የተጣለ ህፃን ,አይታወቅም ,0.0,0.0,9.0,2.0,2.0,Low
2017,10,26,3,ለሚ ኩራ,6,ኩሬ ውሃ ውስጥ የገባ ሰው,አይታወቅም ,0.0,0.0,9.0,10.0,12.0,Low
2017,10,27,4,ለሚኩራ,6,ጉድጓድ የገባ ሰው ,ለዋና ,0.0,0.0,11.0,16.0,17.0,High
2017,10,28,5,አራዳ,7,የመኪና መገልበጥ አደጋ ,አይታወቅም,150000.0,0.0,9.0,3.0,4.0,Medium
2017,6,11,6,ን/ስልክ,14,የኩሬ አደጋ ,ለዋና ,0.0,0.0,3.0,35.0,37.0,High
2017,1,11,2,ቦሌ,5,የትራንስፎመር ቃጠሎ,አይታወቅም,500000.0,3000.0,6.0,1.0,1.0,Medium
2017,1,11,2,ኮልፌ,6,ትራንስፎርመር ቃጠሎ,አይታወቅም,5000.0,40.0,9.0,2.0,4.0,Low
2017,1,11,2,ቂርቆስ,5,ወንዝ ውስጥ የገባ ሰው ,አይታወቅም,0.0,0.0,9.0,1.3,2.0,Low
2017,2,11,5,አ/ከተማ,5,የወፍጮ ቤት ቃጠሎ,አይታወቅም ,150000.0,16000.0,15.0,2.0,3.0,Medium
2017,3,11,5,ልደታ ,9,የሱቅ ቃጠሎ,አይታወቅም ,1500000.0,6000.0,15.0,3.0,2.0,High
2017,3,11,5,አራዳ,8,በሊፍት የተያዘ ሰው,አይታወቅም ,0.0,0.0,9.0,200.0,1.0,Low
2017,3,11,5,ለሚኩራ,3,የጭድ ክምር ቃጠሎ,አይታወቅም ,100000.0,6000.0,6.0,12.0,6.0,Medium
2017,4,11,1,አ/ቃሊቲ,5,የፖል ቃጠሎ,ኤሌክትሪክ,12000.0,1000.0,6.0,4.0,6.0,Low
2017,6,11,6,ን/ስልክ,12,የፕላስቲክ ቃጠሎ,አይታወቅም,90000.0,28000.0,30.0,5.0,6.0,Low
2017,6,11,6,አራዳ,6,የመኪና አደጋ ,አይታወቅም ,100000.0,0.0,7.0,4.0,3.0,Medium
2017,9,11,0,አ/ቃሊቲ,8,None,ኦክስጅን ሲቆርጥ,100000.0,6000.0,11.0,1.0,2.0,Medium
2001,7,11,2,ን/ስልክ,7,በባቡር የተገጨ,ባልተፈቀደ መንገድ መሻገር,0.0,0.0,19.0,2.0,5.0,Low
2017,9,11,0,አ/ቃሊቲ,8,የፋብሪካ ቃጠሎ,አይታወቅም,350000.0,12000.0,11.0,2.0,3.0,Medium
2017,9,11,0,ኦሮሚያ,ቡራዩ,የሼዶች ቃጠሎ,አይታወቅም ,1600000.0,34000.0,36.0,25.0,27.0,High
2017,10,11,2,መንአብቹ,ቃሰ ወሰርቢ ,የጎርፍ አደጋ ,2 ከባድ ዝናብ ,8000.0,0.0,3.0,15.0,15.0,Low
2017,11,11,5,ልደታ ,9,በሊፍት የተያዘ ሰው,የቴክኒክ ችግር ,0.0,0.0,9.0,2.0,3.0,Low
2017,10,11,2,ገላን ፉሪ,0,የጎርፍ አደጋ ,ከባድ ዝናብ,500000.0,0.0,48.0,13.0,14.0,Medium
2017,12,11,0,አ/ቃሊቲ,9,የቤት ቃጠሎ,ኤሌክትሪክ,850000.0,12000.0,15.0,7.0,8.0,Medium
2017,11,13,0,ጉለሌ,3,የቤት ቃጠሎ,አይታወቅም,300000.0,12000.0,15.0,2.0,3.0,Medium
2017,11,13,0,ኮልፌ,4,የጎርፍ አደጋ ,ከባድ ዝናብ,200000.0,0.0,11.0,3.0,4.0,Medium
2017,11,14,1,ን/ስልክ,6,ወንዝ ውስጥ የገባ ሰው ,አይታወቅም ,0.0,0.0,9.0,2.0,3.0,Low
2017,11,14,1,እምቦ,ኦሮሚያ ,የፍሳሽ ማጣሪያ ጉድጓድ የገባ ,አይታወቅም ,0.0,0.0,11.0,6.0,5.0,Low
2017,11,14,1,አ/ከተማ ,5,የሱቅ ቃጠሎ,አይታወቅም ,350000.0,14000.0,15.0,2.0,2.0,Medium
2017,11,15,2,ን/ስልክ,10,የሱቆችና መኖሪያ ቤት ቃጠሎ,አይታወቅም ,900000.0,6000.0,9.0,2.0,3.0,Medium
2017,11,15,2,አ/ቃሊቲ,6,የኩሽና ቃጠሎ,አይታወቅም ,7000.0,1000.0,9.0,0.0,20.0,High
2017,11,16,3,ን/ስልክ,11,የቤት ቃጠሎ,ሻማ ,200000.0,16000.0,12.0,5.0,6.0,Medium
2017,11,16,3,አራዳ ,6,የጎርፍ አደጋ ,ከባድ ዝናብ ,0.0,0.0,3.0,6.0,5.0,Low
2017,11,16,3,ቦሌ,3,የጎርፍ አደጋ ,ከባድ ዝናብ ,700000.0,0.0,7.0,4.0,5.0,Medium
2017,11,16,3,ቂርቆስ,7,የጎርፍ አደጋ ,ከባድ ዝናብ ,0.0,0.0,61.0,1.5,2.0,Low
2017,11,17,4,ጉለሌ,7,የጎርፍ አደጋ ,ከባድ ዝናብ ,0.0,0.0,11.0,5.0,5.0,Low
2017,11,17,4,ጉለሌ,9,የጎርፍ አደጋ ,ከባድ ዝናብ ,5000.0,0.0,4.0,5.0,5.0,Low
2017,11,17,4,ጉለሌ,8,የጎርፍ አደጋ ,ከባድ ዝናብ ,2000.0,0.0,4.0,10.0,10.0,Low
2017,11,17,4,ጉለሌ,9,የጎርፍ አደጋ ,የቱቦ መደፈን ,30000.0,0.0,3.0,15.0,10.0,Low
2017,11,17,4,አ/ከተማ ,10,የጎርፍ አደጋ ,ከባድ ዝናብ ,100000.0,0.0,3.0,10.0,13.0,Medium
2017,11,17,4,ጉለሌ,7,የጎርፍ አደጋ ,ከባድ ዝናብ ,2000.0,0.0,4.0,6.0,8.0,Low
2017,11,17,4,ጉለሌ,10፣11፣12,የጎርፍ አደጋ ,ከባድ ዝናብ ,0.0,0.0,6.0,5.0,7.0,Low
2017,11,17,4,ጉለሌ,8,የጎርፍ አደጋ ,ከባድ ዝናብ ,50000.0,0.0,4.0,4.0,5.0,Low
2017,11,18,5,ለሚኩራ ,13,የክሎሪን ሊኬጅ ,የማሽን ማርጀት ,0.0,0.0,6.0,25.0,40.0,High
2017,11,19,6,ቂርቆስ,1,የጎርፍ አደጋ ,የቱቦ መደፈን ,10000.0,0.0,4.0,6.0,7.0,Low
2017,11,20,0,ቂርቆስ,8,የመኪና መገልበጥ ,ፍሬን በጥሶ ,100000.0,0.0,7.0,2.0,3.0,Medium
2017,11,18,5,ቦሌ,12,ወንዝ ውስጥ ገብቶ የሞተ ሰው ,አይታወቅም ,0.0,0.0,8.0,4.0,4.0,Low
2017,11,21,1,አራዳ ,2,የዛፍ መውደቅ ,ከባድ ንፋስ ,1500000.0,0.0,19.0,2.0,3.0,High
2017,11,22,2,የካ ,8,የጎርፍ አደጋ ,ከባድ ዝናብ ,50000.0,0.0,4.0,3.0,4.0,Low
2017,11,22,2,አ/ከተማ ,8,የሱቅ ቃጠሎ,አይታወቅም ,250000.0,13000.0,12.0,2.0,2.0,Medium
2017,11,23,3,ጉለሌ,4,የአነስተኛ ሼዶች ቃጠሎ ,አይታወቅም ,100000.0,6000.0,9.0,3.0,3.0,Medium
2017,11,23,3,ጉለሌ,5,ሽት ቤት የገባ ህፃን ,አይታወቅም ,0.0,0.0,9.0,1.0,1.0,Low
2017,11,24,4,አ/ቃሊቲ,1,ሽት ቤት የገባ ሰው ,አይታወቅም ,0.0,0.0,9.0,7.0,5.0,Low
2017,11,24,4,ን/ስልክ,11,የቤት ቃጠሎ,አይታወቅም ,300000.0,3000.0,9.0,3.0,3.0,Medium
2017,11,25,5,ቂርቆስ,9,የጎርፍ አደጋ ,የቱቦ መደፈን ,0.0,0.0,3.0,4.0,3.0,Low
2017,11,25,5,ቂርቆስ,9,የጎርፍ አደጋ ,ከባድ ዝናብ ,89000.0,0.0,10.0,4.0,4.0,Low
2017,11,25,5,ቂርቆስ,1,የጎርፍ አደጋ ,ከባድ ዝናብ ,100000.0,0.0,19.0,5.0,6.0,Medium
2017,11,26,6,ቂርቆስ,8,የጎርፍ አደጋ ,ከባድ ዝናብ ,0.0,0.0,12.0,4.0,4.0,Low
2017,11,26,6,ቂርቆስ,1,የጎርፍ አደጋ ,ከባድ ዝናብ ,0.0,0.0,8.0,4.0,5.0,Low
2017,11,26,6,ጉለሌ,9,የሳር ቃጠሎ,አይታወቅም ,10000.0,9000.0,15.0,4.0,3.0,Low
2017,11,27,0,ኮልፌ,7,የቴሌ ዳታ ሴንተር ቃጠሎ,አይታወቅም ,100000.0,3000.0,9.0,1.8,2.0,Medium
2017,11,27,0,ቦሌ,13,የቤት ቃጠሎ,ከኩሽና የተነሳ ,100000.0,6000.0,9.0,5.0,6.0,Medium
2017,11,28,1,ኮልፌ,9,ወንዝ ውስጥ ገብቶ የሞተ ሰው ,አይታወቅም ,0.0,0.0,9.0,8.0,9.0,Low
2017,11,28,1,ቂርቆስ,1,የጎርፍ አደጋ ,ከባድ ዝናብ ,0.0,0.0,4.0,5.0,6.0,Low
2017,11,28,1,አራዳ ,8,መንገድ የዘጋ ዛፍ ,ከባድ ንፋስ ,0.0,0.0,5.0,2.0,2.0,Low
2017,11,30,3,ለሚኩራ ,3,የኮ.ቤት ቃጠሎ,አይታወቅም ,300000.0,6000.0,9.0,12.0,11.0,Medium
2017,1,12,3,ቡራዩ,ገፈርሳ,የቤት ቃጠሎ,አይታወቅም ,50000.0,9000.0,15.0,8.0,7.0,Low
2017,2,12,6,ን/ስልክ,1,የጎርፍ አደጋ ,ቱቦ መደፈን ,25000.0,0.0,7.0,9.0,35.0,High
2017,2,12,6,አ/ከተማ ,1,የቤትና የሱቅ ቃጠሎ,አይታወቅም ,2000000.0,42500.0,35.0,3.0,3.0,High
2017,3,12,6,ን/ስልክ,2,የቤት ቃጠሎ,አይታወቅም ,200000.0,6000.0,10.0,8.0,9.0,Medium
2017,3,12,6,ለሚኩራ ,9,የእስቶር ቃጠሎ,አይታወቅም ,2727500.0,42000.0,40.0,2.5,5.0,High
2017,4,12,2,አ/ከተማ ,10,የንግድ ቤት ቃጠሎ,በመተኮሻ ካውያ የተነሳ ,620000.0,37500.0,36.0,3.0,3.0,Medium
2017,1,12,3,አራዳ,1,የመኪና መገልበጥ ,አይታወቅም ,5000.0,0.0,9.0,2.0,3.0,Low
2017,3,12,6,ቦሌ,12,የካባ አደጋ ,ለዋና የገባ ,0.0,0.0,4.0,10.0,15.0,Low
2017,3,12,6,ጉለሌ,1,የመኪና አደጋ ,አይታወቅም,100000.0,0.0,16.0,5.0,6.0,Medium
2017,6,12,0,ለሚኩራ ,4,የኮንደሚንየም ቤት ቃጠሎ,ለልጆች ክብሪት ለኩሰው ,300000.0,9000.0,18.0,3.0,8.0,Medium
2017,8,12,5,አ/ቃሊቲ,8,ኮንቴነር ቃጠሎ,ንብረት ለማስወገድ,200000.0,18000.0,25.0,2.0,3.0,Medium
2017,11,12,6,አ/ቃሊቲ,12,የወፍጮ እና ፀጉር ቤታ ቃጠሎ,ኤ/ኮንታክት,3000000.0,12000.0,13.0,16.0,10.0,High
2017,12,12,1,ቦሌ,7,የቤት ቃጠሎ,ኤ/ኮንታክት,35000.0,3000.0,6.0,3.0,4.0,Low
2017,12,13,2,የካ ,5,የቤት ቃጠሎ,አይታወቅም,70000.0,6000.0,9.0,3.0,4.0,Low
2017,12,13,2,ቂርቆስ,9,የጎርፍ አደጋ ,ከባድ ዝናብ,0.0,0.0,17.0,12.0,42.0,High
2017,12,13,2,ቂርቆስ,9,የጎርፍ አደጋ ,ከባድ ዝናብ ,0.0,0.0,7.0,8.0,9.0,Low
2017,12,13,2,አ/ከተማ ,4,መኪና ላይ የወደቀ ዛፍ ,ከባድ ዝናብ,25000.0,0.0,11.0,500.0,1.0,Low
2017,12,13,2,ኦሮሚያ ,መልካኖኖ,የመኪና አደጋ ,አይታወቅም,500000.0,0.0,11.0,5.0,6.0,Medium
2017,12,14,3,አ/ቃሊቲ,8,የፖል ቃጠሎ,ኤ/ኮንታክት,5000.0,6000.0,9.0,2.0,2.0,Low
2017,12,14,3,ቦሌ,13,የኪችን ቃጠሎ,ኤ/ኮንታክት,30000.0,6000.0,9.0,5.0,6.0,Low
2017,12,15,4,ኮልፌ,4,የቤት ቃጠሎ,አይታወቅም ,200000.0,32000.0,24.0,1.0,2.0,Medium
2017,11,12,6,አ/ቃሊቲ,3,ወንዝ የገባ ሰው ,አይታወቅም,0.0,0.0,9.0,5.0,6.0,Low
2017,10,12,3,ልደታ,10,የመኪና መገልበጥ ,አይታወቅም ,2000.0,0.0,17.0,5.0,6.0,Low
2017,12,16,5,ለሚኩራ ,13,መኪና ባቡር ሀዲድ ላይ መውጣት,አይታወቅም,200000.0,0.0,7.0,5.0,5.0,Medium
2017,12,17,6,የካ ,7,የጎርፍ አደጋ ,ከባድ ዝናብ ,0.0,0.0,6.0,3.0,4.0,Low
2017,12,20,2,ቦሌ,5,የጎርፍ አደጋ ,ከባድ ዝናብ ,300000.0,0.0,8.0,7.0,8.0,Medium
2017,12,20,2,ን/ስልክ,14,የሱቀችና ግሮሰሪ ቃጠሎ ,አይታወቅም ,10000000.0,28000.0,24.0,7.0,7.0,High
2017,12,21,3,ልደታ ,10,በሊፍት የተያዘ ሰው ,አይታወቅም ,0.0,0.0,9.0,2.0,2.0,Low
2017,12,21,3,አ/ቃሊቲ,3,የጎርፍ አደጋ ,ከባድ ዝናብ ,850000.0,0.0,14.0,7.0,8.0,Medium
2017,12,23,5,ገፈርሳ ናኖ,ናኖ,የቤት ቃጠሎ,ኤ/ኮንታክት,5000000.0,6000.0,6.0,9.0,8.0,High
2017,12,24,6,አ/ቃሊቲ,8,የቤት ቃጠሎ,አይታወቅም ,100000.0,6000.0,9.0,3.0,3.0,Medium
2017,12,24,6,አ/ከተማ ,6,የሱቅ /ጫማ ቤት/,አይታወቅም ,100000.0,12000.0,12.0,3.0,3.0,Medium
2017,12,25,0,ኦሮሚያ ,ገድ ፈጃ ,ወንዝ ውስጥ ገብቶ የሞተ ሰው ,አይታወቅም ,0.0,0.0,9.0,9.0,10.0,Low
2017,12,27,2,ጉለሌ,6,የቤት ቃጠሎ,አይታወቅም ,110000.0,6000.0,9.0,4.0,5.0,Medium
2017,12,27,2,ልደታ,9,መኪና ቃጠሎ,አይታወቅም,50000.0,6000.0,9.0,1.0,1.0,Low
2017,12,27,2,ጉለሌ,8,የእንጀራ መጋገሪያ ሼድ,አይታወቅም,2000.0,1000.0,9.0,3.0,3.0,Low
2017,12,27,2,ቦሌ,6,ፖል ቃጠሎ,ኤ/ኮንታክት,20000.0,1500.0,4.0,3.0,3.0,Low
2017,12,27,2,ገላንሲዳማ,ገላን,ሰብስቴሽን ቃጠሎ,ሃይል መብዛት,4500000.0,6000.0,9.0,15.0,14.0,High
2017,12,28,3,ን/ስልክ,2,ወንዝ የገባ ሰው ,አይታወቅም,0.0,0.0,6.0,4.0,7.0,Low
2017,12,29,4,ኮልፌ,1,ጎርፍ,አይታወቅም,0.0,0.0,9.0,6.0,6.0,Low
2017,12,30,5,ቦሌ,3,ሆቴል ቃጠሎ,ኤ/ኮንታክት,5000000.0,28000.0,29.0,4.0,5.0,High
2017,12,30,5,ልደታ,10,የጎርፍ አደጋ ,ከባድ ዝናብ,150000.0,0.0,12.0,1.0,1.0,Medium
2017,12,25,0,ልደታ,6,መኪና መገልበጥ,አይታወቅም,500000.0,0.0,20.0,5.0,6.0,Medium
2017,12,26,1,ጉለሌ,7,የጎርፍ አደጋ ,ከባድ ዝናብ ,600000.0,0.0,3.0,5.0,2.0,Medium
2017,12,26,1,አ/ከተማ ,4,የጎርፍ አደጋ ,ከባድ ዝናብ ,0.0,0.0,8.0,2.0,3.0,Low
